<?xml version='1.0' encoding='utf-8'?>
<project xmlns="http://www.plcopen.org/xml/tc6_0201" xmlns:xsd="http://www.w3.org/2001/XMLSchema" xmlns:xhtml="http://www.w3.org/1999/xhtml" xmlns:ns1="http://www.plcopen.org/xml/tc6_0201">
  <fileHeader companyName="Unknown" productName="Unnamed" productVersion="1" creationDateTime="2023-09-18T19:23:44"/>
  <contentHeader name="Unnamed" modificationDateTime="2023-09-19T10:05:35">
    <coordinateInfo>
      <fbd>
        <scaling x="10" y="10"/>
      </fbd>
      <ld>
        <scaling x="10" y="10"/>
      </ld>
      <sfc>
        <scaling x="10" y="10"/>
      </sfc>
    </coordinateInfo>
  </contentHeader>
  <types>
    <dataTypes/>
    <pous>
      <pou name="program0" pouType="program">
        <interface>
          <inOutVars>
            <variable name="StartButton">
              <type>
                <BOOL/>
              </type>
            </variable>
            <variable name="RollerEngine">
              <type>
                <BOOL/>
              </type>
            </variable>
            <variable name="Nozzle">
              <type>
                <BOOL/>
              </type>
            </variable>
            <variable name="BottleSensor">
              <type>
                <BOOL/>
              </type>
            </variable>
            <variable name="WaterLevelSensor">
              <type>
                <BOOL/>
              </type>
            </variable>
            <variable name="PlantState">
              <type>
                <INT/>
              </type>
            </variable>
          </inOutVars>
        </interface>
        <body>
          <ST>
            <xhtml:p><![CDATA[(* Initialization Phase*)
    IF PlantState = 0 THEN
        RollerEngine := FALSE;
        Nozzle := FALSE;
        IF StartButton THEN
            PlantState := 1;         (* Move to Filling Phase*)
        END_IF;
    END_IF;

    (*Filling Phase*)
    IF PlantState = 1 THEN
        IF BottleSensor AND NOT WaterLevelSensor THEN
            Nozzle := TRUE;         (*Open the nozzle if bottle is under and not filled*)
        ELSE
            Nozzle := FALSE;        (* Close the nozzle otherwise*)
        END_IF;

        IF WaterLevelSensor THEN
            PlantState := 2;        (*Move to Moving Phase once bottle is filled*)
        END_IF;
    END_IF;

    (*Moving Phase*)
    IF PlantState = 2 THEN
        Nozzle := FALSE;            (* Ensure nozzle is closed*)
        RollerEngine := TRUE;        (* Start the roller engine to move the bottle*)

        IF NOT BottleSensor THEN
            PlantState := 1;         (*Move back to Filling Phase once bottle has moved away*)
        END_IF;
    END_IF;

  (* Stop the plant if StartButton is turned off*)
    IF NOT StartButton THEN
        PlantState := 0;
    END_IF;]]></xhtml:p>
          </ST>
        </body>
      </pou>
    </pous>
  </types>
  <instances>
    <configurations>
      <configuration name="Config0">
        <resource name="Res0">
          <task name="task0" priority="0" interval="T#20ms">
            <pouInstance name="instance0" typeName="program0"/>
          </task>
        </resource>
      </configuration>
    </configurations>
  </instances>
</project>
